,ID,Name,Date,Time,Event,Status,Latitude,Longitude,Maximum Wind,Year
4,AL011851,            UNNAMED,1851-06-25,2100, L, HU,28.2,-96.8,80,1851
48,AL041851,            UNNAMED,1851-08-23,2100, L, HU,30.1,-85.7,100,1851
96,AL061851,            UNNAMED,1851-10-19,1500, L, TS,41.1,-71.7,50,1851
127,AL011852,            UNNAMED,1852-08-26,600, L, HU,30.2,-88.6,100,1852
163,AL031852,            UNNAMED,1852-09-12,0, L, HU,28.0,-82.8,70,1852
223,AL051852,            UNNAMED,1852-10-09,2100, L, HU,29.9,-84.4,90,1852
338,AL011854,            UNNAMED,1854-06-26,1200, L, HU,26.2,-97.0,70,1854
352,AL031854,            UNNAMED,1854-09-08,2000, L, HU,31.7,-81.1,100,1854
373,AL041854,            UNNAMED,1854-09-18,2100, L, HU,28.9,-95.3,90,1854
421,AL051855,            UNNAMED,1855-09-16,300, L, HU,29.2,-89.5,110,1855
434,AL011856,            UNNAMED,1856-08-10,1800, L, HU,29.2,-91.1,130,1856
451,AL031856,            UNNAMED,1856-08-19,1100, L, TS,34.8,-76.4,50,1856
487,AL051856,            UNNAMED,1856-08-31,600, L, HU,30.2,-85.9,90,1856
555,AL021857,            UNNAMED,1857-09-13,0, L, HU,33.9,-78.0,90,1857
623,AL041857,            UNNAMED,1857-09-30,1000, L, TS,25.8,-97.0,50,1857
631,AL031858,            UNNAMED,1858-09-14,1500, L, TS,27.6,-82.7,60,1858
640,AL031858,            UNNAMED,1858-09-16,1700, L, HU,40.9,-72.2,80,1858
641,AL031858,            UNNAMED,1858-09-16,1800, L, HU,41.4,-72.0,70,1858
742,AL051859,            UNNAMED,1859-09-16,0, L, HU,30.3,-88.1,70,1859
781,AL071859,            UNNAMED,1859-10-17,1600, L, TS,26.4,-80.1,60,1859
804,AL081859,            UNNAMED,1859-10-28,1800, L, HU,27.7,-82.8,80,1859
825,AL011860,            UNNAMED,1860-08-11,2000, L, HU,29.2,-90.0,110,1860
874,AL041860,            UNNAMED,1860-09-15,400, L, HU,29.3,-89.6,90,1860
907,AL061860,            UNNAMED,1860-10-02,1700, L, HU,29.5,-91.4,90,1860
1004,AL051861,            UNNAMED,1861-09-27,1700, L, HU,34.5,-77.4,70,1861
1025,AL071861,            UNNAMED,1861-10-07,1200, L, TS,35.3,-75.3,50,1861
1027,AL081861,            UNNAMED,1861-11-01,800, L, TS,26.0,-81.8,60,1861
1032,AL081861,            UNNAMED,1861-11-02,1000, L, HU,34.7,-77.6,70,1861
1037,AL081861,            UNNAMED,1861-11-03,800, L, TS,41.0,-72.3,60,1861
1038,AL081861,            UNNAMED,1861-11-03,900, L, TS,41.2,-72.0,60,1861
1214,AL061863,            UNNAMED,1863-09-18,1300, L, TS,34.6,-77.1,60,1863
1230,AL091863,            UNNAMED,1863-09-29,1200, L, TS,29.3,-94.8,60,1863
1308,AL021865,            UNNAMED,1865-06-30,1200, L, TS,26.0,-97.5,50,1865
1361,AL041865,            UNNAMED,1865-09-13,2100, L, HU,29.8,-93.4,90,1865
1366,AL051865,            UNNAMED,1865-09-07,0, L, TS,29.7,-92.0,60,1865
1390,AL071865,            UNNAMED,1865-10-23,1000, L, HU,24.6,-81.7,90,1865
1392,AL071865,            UNNAMED,1865-10-23,1400, L, HU,25.4,-81.1,90,1865
1418,AL011866,            UNNAMED,1866-07-15,1200, L, HU,28.5,-96.5,90,1866
1530,AL011867,            UNNAMED,1867-06-22,1400, L, HU,32.9,-79.7,70,1867
1603,AL071867,            UNNAMED,1867-10-04,1500, L, HU,29.2,-91.0,90,1867
1612,AL071867,            UNNAMED,1867-10-06,1500, L, HU,29.6,-83.4,70,1867
1677,AL021868,            UNNAMED,1868-10-04,1600, L, TS,29.9,-85.4,60,1868
1725,AL021869,            UNNAMED,1869-08-17,700, L, HU,28.1,-96.8,90,1869
1746,AL051869,            UNNAMED,1869-09-05,1200, L, HU,29.2,-90.0,70,1869
1757,AL061869,            UNNAMED,1869-09-08,2100, L, HU,41.0,-71.9,100,1869
1758,AL061869,            UNNAMED,1869-09-08,2200, L, HU,41.4,-71.7,100,1869
1799,AL101869,            UNNAMED,1869-10-04,1900, L, HU,41.3,-70.5,90,1869
1800,AL101869,            UNNAMED,1869-10-04,2000, L, HU,41.7,-70.4,90,1869
1801,AL101869,            UNNAMED,1869-10-04,2300, L, HU,43.7,-70.1,90,1869
1936,AL091870,            UNNAMED,1870-10-20,1400, L, HU,24.7,-82.8,80,1870
1938,AL091870,            UNNAMED,1870-10-20,2000, L, HU,26.0,-81.8,80,1870
1982,AL011871,            UNNAMED,1871-06-04,700, L, TS,29.1,-95.1,50,1871
1996,AL021871,            UNNAMED,1871-06-09,1700, L, TS,29.2,-95.0,50,1871
2015,AL031871,            UNNAMED,1871-08-17,200, L, HU,27.1,-80.2,100,1871
2039,AL031871,            UNNAMED,1871-08-23,0, L, TS,31.2,-81.4,60,1871
2076,AL041871,            UNNAMED,1871-08-25,500, L, HU,27.1,-80.3,90,1871
2123,AL061871,            UNNAMED,1871-09-06,1400, L, HU,29.2,-83.0,70,1871
2156,AL071871,            UNNAMED,1871-10-05,1600, L, TS,30.0,-83.9,60,1871
2189,AL011872,            UNNAMED,1872-07-11,500, L, TS,29.1,-89.1,50,1872
2191,AL011872,            UNNAMED,1872-07-11,800, L, TS,30.2,-89.0,50,1872
2340,AL051872,            UNNAMED,1872-10-23,800, L, TS,27.9,-82.7,50,1872
2348,AL051872,            UNNAMED,1872-10-25,100, L, TS,34.4,-77.7,50,1872
2367,AL011873,            UNNAMED,1873-06-02,1100, L, TS,30.8,-81.4,40,1873
2441,AL031873,            UNNAMED,1873-09-19,1500, L, HU,29.9,-84.4,70,1873
2453,AL041873,            UNNAMED,1873-09-23,1000, L, TS,27.8,-82.8,50,1873
2505,AL051873,            UNNAMED,1873-10-07,100, L, HU,26.5,-82.2,100,1873
2531,AL011874,            UNNAMED,1874-07-04,2000, L, TS,28.5,-96.2,50,1874
2649,AL061874,            UNNAMED,1874-09-28,300, L, HU,29.1,-82.9,70,1874
2652,AL061874,            UNNAMED,1874-09-28,1800, L, HU,32.8,-80.0,80,1874
2775,AL031875,            UNNAMED,1875-09-16,2100, L, HU,27.7,-97.2,100,1875
2799,AL041875,            UNNAMED,1875-09-27,1300, L, TS,30.1,-85.7,50,1875
2873,AL021876,            UNNAMED,1876-09-17,1400, L, HU,34.4,-77.6,80,1876
2954,AL051876,            UNNAMED,1876-10-20,500, L, HU,25.8,-81.4,90,1876
3007,AL021877,            UNNAMED,1877-09-18,1600, L, HU,29.2,-91.0,70,1877
3013,AL021877,            UNNAMED,1877-09-19,2000, L, HU,30.4,-86.6,70,1877
3099,AL041877,            UNNAMED,1877-10-03,500, L, HU,30.0,-85.5,100,1877
3171,AL071877,            UNNAMED,1877-10-26,2100, L, TS,29.3,-83.2,40,1877
3197,AL011878,            UNNAMED,1878-07-02,1500, L, TS,26.0,-81.8,40,1878
3312,AL051878,            UNNAMED,1878-09-07,2100, L, TS,24.7,-80.9,60,1878
3314,AL051878,            UNNAMED,1878-09-08,200, L, TS,25.2,-81.0,60,1878
3324,AL051878,            UNNAMED,1878-09-10,1100, L, HU,28.6,-82.6,90,1878
3333,AL051878,            UNNAMED,1878-09-12,1200, L, HU,32.5,-80.4,80,1878
3435,AL081878,            UNNAMED,1878-10-10,2100, L, TS,29.9,-85.4,50,1878
3537,AL111878,            UNNAMED,1878-10-23,400, L, HU,34.8,-77.1,90,1878
3619,AL021879,            UNNAMED,1879-08-18,1200, L, HU,34.5,-76.8,100,1879
3622,AL021879,            UNNAMED,1879-08-19,600, L, HU,41.4,-70.8,70,1879
3646,AL031879,            UNNAMED,1879-08-23,200, L, HU,29.6,-94.4,90,1879
3669,AL041879,            UNNAMED,1879-09-01,1600, L, HU,29.5,-91.4,110,1879
3692,AL051879,            UNNAMED,1879-10-07,500, L, TS,29.0,-89.2,50,1879
3726,AL061879,            UNNAMED,1879-10-16,800, L, TS,30.4,-86.6,50,1879
3745,AL071879,            UNNAMED,1879-10-27,2100, L, TS,29.0,-82.7,60,1879
3785,AL011880,            UNNAMED,1880-06-24,1500, L, TS,28.7,-95.7,40,1880
3826,AL021880,            UNNAMED,1880-08-13,100, L, HU,25.8,-97.0,130,1880
3880,AL041880,            UNNAMED,1880-08-29,1200, L, HU,28.2,-80.6,90,1880
3887,AL041880,            UNNAMED,1880-08-31,400, L, HU,29.7,-84.8,70,1880
3946,AL061880,            UNNAMED,1880-09-08,1600, L, TS,29.8,-83.6,50,1880
3950,AL061880,            UNNAMED,1880-09-09,1000, L, HU,34.7,-77.1,70,1880
4021,AL091880,            UNNAMED,1880-10-08,1900, L, HU,28.7,-83.0,70,1880
4070,AL111880,            UNNAMED,1880-10-23,800, L, EX,41.3,-70.0,60,1880
4072,AL111880,            UNNAMED,1880-10-23,1300, L, EX,44.0,-68.8,60,1880
4089,AL011881,            UNNAMED,1881-08-03,1300, L, TS,30.2,-88.3,50,1881
4103,AL021881,            UNNAMED,1881-08-13,2100, L, TS,28.0,-96.9,40,1881
4193,AL051881,            UNNAMED,1881-08-28,200, L, HU,31.7,-81.1,90,1881
4212,AL061881,            UNNAMED,1881-09-09,1600, L, HU,33.9,-78.1,90,1881
4288,AL021882,            UNNAMED,1882-09-10,200, L, HU,30.4,-86.8,110,1882
4307,AL031882,            UNNAMED,1882-09-15,500, L, TS,29.8,-93.7,50,1882
4320,AL041882,            UNNAMED,1882-09-22,2200, L, TS,34.7,-77.0,50,1882
4326,AL041882,            UNNAMED,1882-09-24,500, L, TS,40.7,-72.8,40,1882
4373,AL061882,            UNNAMED,1882-10-11,400, L, HU,29.5,-83.3,70,1882
4508,AL031883,            UNNAMED,1883-09-11,1300, L, HU,33.9,-78.5,90,1883
4629,AL031884,            UNNAMED,1884-09-11,100, L, TS,31.6,-81.2,40,1884
4767,AL021885,            UNNAMED,1885-08-25,1200, L, HU,32.6,-80.1,90,1885
4789,AL031885,            UNNAMED,1885-08-30,2300, L, TS,30.1,-85.7,50,1885
4811,AL041885,            UNNAMED,1885-09-21,300, L, TS,29.0,-89.4,50,1885
4813,AL041885,            UNNAMED,1885-09-21,1200, L, TS,30.0,-85.6,50,1885
4848,AL061885,            UNNAMED,1885-09-26,400, L, TS,29.6,-89.0,60,1885
4898,AL081885,            UNNAMED,1885-10-11,2200, L, TS,29.4,-83.2,60,1885
4915,AL011886,            UNNAMED,1886-06-14,1600, L, HU,29.6,-94.2,85,1886
4939,AL021886,            UNNAMED,1886-06-21,1100, L, HU,30.1,-84.0,85,1886
4968,AL031886,            UNNAMED,1886-06-30,2100, L, HU,29.7,-85.2,85,1886
4997,AL041886,            UNNAMED,1886-07-19,100, L, HU,28.8,-82.7,70,1886
5055,AL051886,            UNNAMED,1886-08-20,1300, L, HU,28.1,-96.8,130,1886
5227,AL101886,            UNNAMED,1886-10-12,2200, L, HU,29.8,-93.5,105,1886
5331,AL031887,            UNNAMED,1887-06-14,700, L, TS,30.2,-88.7,35,1887
5365,AL041887,            UNNAMED,1887-07-27,1500, L, HU,30.4,-86.6,75,1887
5548,AL091887,            UNNAMED,1887-09-21,1700, L, HU,26.1,-97.2,75,1887
5675,AL161887,            UNNAMED,1887-10-30,100, L, TS,28.1,-82.8,40,1887
5791,AL011888,            UNNAMED,1888-06-17,600, L, HU,28.7,-95.7,70,1888
5803,AL021888,            UNNAMED,1888-07-05,1600, L, TS,28.8,-95.6,50,1888
5818,AL031888,            UNNAMED,1888-08-16,1900, L, HU,25.8,-80.1,110,1888
5830,AL031888,            UNNAMED,1888-08-19,1600, L, HU,29.1,-90.7,95,1888
5893,AL051888,            UNNAMED,1888-09-08,0, L, TS,26.7,-80.1,45,1888
5927,AL061888,            UNNAMED,1888-09-26,1300, L, HU,41.6,-69.9,70,1888
5943,AL071888,            UNNAMED,1888-10-11,100, L, HU,29.2,-83.1,95,1888
5946,AL071888,            UNNAMED,1888-10-11,1600, L, TS,33.9,-78.1,60,1888
6082,AL021889,            UNNAMED,1889-06-17,1500, L, TS,29.1,-82.9,45,1889
6268,AL061889,            UNNAMED,1889-09-23,400, L, HU,29.1,-89.8,70,1889
6271,AL061889,            UNNAMED,1889-09-23,1300, L, TS,30.3,-88.7,60,1889
6347,AL091889,            UNNAMED,1889-10-05,2300, L, TS,24.7,-81.1,35,1889
6349,AL091889,            UNNAMED,1889-10-06,100, L, TS,25.2,-80.9,40,1889
6418,AL021890,            UNNAMED,1890-08-27,1600, L, TS,29.1,-90.9,50,1890
6472,AL011891,            UNNAMED,1891-07-05,2200, L, HU,28.8,-95.5,80,1891
6559,AL031891,            UNNAMED,1891-08-24,1500, L, HU,25.4,-80.2,70,1891
6694,AL071891,            UNNAMED,1891-10-07,800, L, TS,25.2,-81.3,45,1891
6797,AL011892,            UNNAMED,1892-06-10,2300, L, TS,25.7,-81.3,40,1892
6935,AL041892,            UNNAMED,1892-09-12,700, L, TS,29.0,-90.6,50,1892
7107,AL091892,            UNNAMED,1892-10-24,1900, L, TS,27.6,-82.8,45,1892
7141,AL011893,            UNNAMED,1893-06-15,2300, L, TS,29.9,-83.7,60,1893
7263,AL041893,            UNNAMED,1893-08-24,1200, L, HU,40.7,-73.9,75,1893
7340,AL061893,            UNNAMED,1893-08-28,500, L, HU,31.7,-81.1,100,1893
7417,AL081893,            UNNAMED,1893-09-07,1400, L, HU,29.2,-91.1,85,1893
7501,AL091893,            UNNAMED,1893-10-13,1300, L, HU,33.0,-79.5,105,1893
7531,AL101893,            UNNAMED,1893-10-02,800, L, HU,29.3,-89.8,115,1893
7533,AL101893,            UNNAMED,1893-10-02,1600, L, HU,30.3,-88.9,95,1893
7557,AL111893,            UNNAMED,1893-10-23,300, L, TS,35.2,-75.6,50,1893
7559,AL111893,            UNNAMED,1893-10-23,1100, L, TS,38.1,-75.6,45,1893
7620,AL021894,            UNNAMED,1894-08-07,1800, L, TS,30.3,-87.6,50,1894
7703,AL041894,            UNNAMED,1894-09-25,1100, L, HU,24.7,-82.0,70,1894
7706,AL041894,            UNNAMED,1894-09-25,1900, L, HU,26.5,-82.0,90,1894
7713,AL041894,            UNNAMED,1894-09-27,700, L, HU,32.3,-80.7,80,1894
7718,AL041894,            UNNAMED,1894-09-28,1200, L, TS,34.7,-76.7,60,1894
7763,AL051894,            UNNAMED,1894-10-09,300, L, HU,30.2,-85.5,105,1894
7770,AL051894,            UNNAMED,1894-10-10,1500, L, HU,40.7,-72.9,75,1894
7868,AL011895,            UNNAMED,1895-08-15,1900, L, TS,29.3,-89.6,50,1895
7872,AL011895,            UNNAMED,1895-08-16,1300, L, TS,30.2,-88.8,45,1895
7974,AL041895,            UNNAMED,1895-10-07,400, L, TS,29.3,-94.8,35,1895
8050,AL061895,            UNNAMED,1895-10-16,1300, L, TS,25.7,-81.3,35,1895
8066,AL011896,            UNNAMED,1896-07-07,1700, L, HU,30.4,-86.5,85,1896
8133,AL021896,            UNNAMED,1896-09-10,1300, L, HU,41.2,-70.6,70,1896
8211,AL041896,            UNNAMED,1896-09-29,1100, L, HU,29.2,-83.1,110,1896
8226,AL051896,            UNNAMED,1896-10-09,200, L, TS,26.4,-82.0,50,1896
8373,AL021897,            UNNAMED,1897-09-10,1800, L, TS,24.4,-81.9,60,1897
8383,AL021897,            UNNAMED,1897-09-13,500, L, HU,29.7,-93.8,75,1897
8390,AL031897,            UNNAMED,1897-09-21,200, L, TS,26.7,-82.3,60,1897
8400,AL031897,            UNNAMED,1897-09-23,1000, L, TS,35.2,-75.7,60,1897
8405,AL031897,            UNNAMED,1897-09-24,1100, L, TS,40.8,-72.7,55,1897
8407,AL031897,            UNNAMED,1897-09-24,1300, L, TS,41.3,-72.2,45,1897
8477,AL051897,            UNNAMED,1897-10-20,2000, L, TS,35.2,-75.5,55,1897
8497,AL061897,            UNNAMED,1897-10-25,2300, L, TS,36.1,-75.8,55,1897
8523,AL011898,            UNNAMED,1898-08-02,300, L, TS,27.1,-80.1,35,1898
8527,AL011898,            UNNAMED,1898-08-02,2300, L, HU,29.7,-84.8,70,1898
8537,AL021898,            UNNAMED,1898-08-31,700, L, HU,32.1,-80.8,75,1898
8650,AL051898,            UNNAMED,1898-09-20,1100, L, TS,29.6,-92.8,50,1898
8692,AL061898,            UNNAMED,1898-09-28,700, L, TS,29.4,-94.7,50,1898
8726,AL071898,            UNNAMED,1898-10-02,1600, L, HU,30.9,-81.4,115,1898
8859,AL011899,            UNNAMED,1899-06-27,900, L, TS,29.1,-95.1,35,1899
8870,AL021899,            UNNAMED,1899-07-30,1000, L, TS,24.9,-80.6,40,1899
8880,AL021899,            UNNAMED,1899-08-01,1700, L, HU,29.7,-84.7,85,1899
8947,AL031899,            UNNAMED,1899-08-18,100, L, HU,35.2,-75.8,105,1899
9127,AL061899,            UNNAMED,1899-10-05,1000, L, TS,27.9,-82.8,50,1899
9193,AL091899,            UNNAMED,1899-10-31,900, L, HU,33.6,-79.0,95,1899
9281,AL011900,            UNNAMED,1900-09-09,200, L, HU,29.1,-95.1,120,1900
9430,AL041900,            UNNAMED,1900-09-13,600, L, TS,29.1,-89.5,40,1900
9432,AL041900,            UNNAMED,1900-09-13,1500, L, TS,30.3,-88.8,35,1900
9492,AL061900,            UNNAMED,1900-10-12,300, L, TS,29.5,-83.3,40,1900
9544,AL011901,            UNNAMED,1901-06-13,2100, L, TS,29.9,-84.6,35,1901
9589,AL021901,            UNNAMED,1901-07-10,1000, L, TS,28.6,-96.0,45,1901
9622,AL031901,            UNNAMED,1901-07-11,700, L, HU,36.0,-75.8,70,1901
9629,AL031901,            UNNAMED,1901-07-12,2200, L, TS,34.0,-77.9,35,1901
9670,AL041901,            UNNAMED,1901-08-10,2200, L, TS,26.3,-80.1,40,1901
9687,AL041901,            UNNAMED,1901-08-14,2100, L, HU,29.3,-89.6,75,1901
9691,AL041901,            UNNAMED,1901-08-15,1700, L, HU,30.4,-88.8,75,1901
9835,AL081901,            UNNAMED,1901-09-17,2000, L, TS,30.4,-86.6,50,1901
9897,AL101901,            UNNAMED,1901-09-28,300, L, TS,29.9,-84.6,40,1901
10011,AL011902,            UNNAMED,1902-06-14,2300, L, TS,29.8,-83.7,50,1902
10048,AL021902,            UNNAMED,1902-06-26,2100, L, TS,27.7,-97.2,60,1902
10132,AL041902,            UNNAMED,1902-10-10,2100, L, TS,30.3,-87.3,50,1902
10246,AL031903,            UNNAMED,1903-09-11,2300, L, HU,26.1,-80.1,75,1903
10255,AL031903,            UNNAMED,1903-09-13,2300, L, HU,30.1,-85.6,80,1903
10286,AL041903,            UNNAMED,1903-09-16,1100, L, HU,39.1,-74.7,70,1903
10515,AL021904,            UNNAMED,1904-09-14,1300, L, HU,33.1,-79.2,70,1904
10570,AL041904,            UNNAMED,1904-10-17,800, L, HU,25.3,-80.3,70,1904
10583,AL041904,            UNNAMED,1904-10-20,1000, L, TS,25.5,-81.2,35,1904
10629,AL061904,            UNNAMED,1904-11-03,1200, L, TS,30.3,-86.7,35,1904
10696,AL031905,            UNNAMED,1905-09-29,1000, L, TS,29.6,-92.6,45,1905
10772,AL051905,            UNNAMED,1905-10-09,1700, L, TS,29.5,-91.4,45,1905
10800,AL011906,            UNNAMED,1906-06-12,2000, L, TS,30.1,-85.6,45,1906
10821,AL021906,            UNNAMED,1906-06-17,300, L, HU,24.7,-81.1,70,1906
10823,AL021906,            UNNAMED,1906-06-17,800, L, HU,25.2,-80.7,75,1906
10997,AL051906,            UNNAMED,1906-09-17,2200, L, HU,33.3,-79.2,80,1906
11034,AL061906,            UNNAMED,1906-09-27,1100, L, HU,30.2,-88.6,95,1906
11132,AL081906,            UNNAMED,1906-10-18,1000, L, HU,24.7,-81.1,105,1906
11133,AL081906,            UNNAMED,1906-10-18,1200, L, HU,25.3,-80.7,105,1906
11145,AL081906,            UNNAMED,1906-10-21,900, L, TS,30.0,-81.4,50,1906
11234,AL011907,            UNNAMED,1907-06-28,2300, L, TS,30.3,-85.9,50,1907
11256,AL021907,            UNNAMED,1907-09-21,1700, L, TS,30.4,-88.9,40,1907
11273,AL031907,            UNNAMED,1907-09-28,2000, L, TS,30.1,-85.7,45,1907
11355,AL021908,            UNNAMED,1908-05-29,2100, L, HU,35.2,-75.6,65,1908
11360,AL021908,            UNNAMED,1908-05-30,2300, L, TS,41.3,-72.0,35,1908
11393,AL031908,            UNNAMED,1908-07-31,1100, L, HU,34.6,-77.1,70,1908
11420,AL041908,            UNNAMED,1908-07-31,2200, L, TS,29.5,-91.9,50,1908
11441,AL051908,            UNNAMED,1908-09-01,800, L, TS,34.6,-76.6,45,1908
11649,AL021909,            UNNAMED,1909-06-29,1700, L, HU,26.1,-97.2,85,1909
11664,AL031909,            UNNAMED,1909-06-28,2000, L, TS,26.0,-80.1,45,1909
11672,AL031909,            UNNAMED,1909-06-30,1400, L, TS,30.1,-84.1,35,1909
11723,AL041909,            UNNAMED,1909-07-21,1700, L, HU,28.9,-95.3,100,1909
11802,AL081909,            UNNAMED,1909-08-29,900, L, TS,26.4,-80.1,45,1909
11843,AL091909,            UNNAMED,1909-09-21,0, L, HU,29.5,-91.3,100,1909
11890,AL111909,            UNNAMED,1909-10-11,1800, L, HU,24.7,-81.0,100,1909
12013,AL031910,            UNNAMED,1910-09-14,2200, L, HU,26.9,-97.4,90,1910
12077,AL051910,            UNNAMED,1910-10-18,600, L, HU,26.5,-82.0,95,1910
12145,AL021911,            UNNAMED,1911-08-11,2200, L, HU,30.3,-87.5,70,1911
12178,AL031911,            UNNAMED,1911-08-28,1000, L, HU,32.2,-80.7,85,1911
12300,AL011912,            UNNAMED,1912-06-13,500, L, TS,29.6,-91.6,60,1912
12332,AL021912,            UNNAMED,1912-07-15,1500, L, TS,31.3,-81.3,45,1912
12377,AL041912,            UNNAMED,1912-09-14,800, L, HU,30.3,-88.4,65,1912
12433,AL061912,            UNNAMED,1912-10-16,1800, L, HU,27.1,-97.4,85,1912
12510,AL011913,            UNNAMED,1913-06-28,100, L, HU,27.1,-97.4,65,1913
12611,AL041913,            UNNAMED,1913-09-03,800, L, HU,34.7,-76.6,75,1913
12642,AL051913,            UNNAMED,1913-10-08,1400, L, HU,33.1,-79.4,65,1913
12673,AL011914,            UNNAMED,1914-09-17,700, L, TS,30.6,-81.4,60,1914
12688,AL011915,            UNNAMED,1915-08-01,1800, L, HU,28.7,-80.8,65,1915
12752,AL021915,            UNNAMED,1915-08-17,700, L, HU,29.2,-95.1,115,1915
12854,AL041915,            UNNAMED,1915-09-04,1100, L, HU,30.0,-85.4,80,1915
12914,AL061915,            UNNAMED,1915-09-29,1800, L, HU,29.0,-90.3,110,1915
12926,AL011916,            UNNAMED,1916-05-14,600, L, TS,25.1,-81.0,35,1916
12972,AL021916,            UNNAMED,1916-07-05,2100, L, HU,30.4,-88.4,105,1916
13039,AL031916,            UNNAMED,1916-07-21,1300, L, TS,41.4,-71.2,60,1916
13058,AL041916,            UNNAMED,1916-07-14,800, L, HU,32.9,-79.5,95,1916
13102,AL061916,            UNNAMED,1916-08-18,2200, L, HU,27.0,-97.4,115,1916
13125,AL071916,            UNNAMED,1916-08-25,800, L, TS,25.6,-80.3,40,1916
13163,AL091916,            UNNAMED,1916-09-06,600, L, TS,33.9,-78.3,45,1916
13244,AL121916,            UNNAMED,1916-10-04,2100, L, TS,31.5,-81.4,50,1916
13320,AL141916,            UNNAMED,1916-10-18,1400, L, HU,30.4,-87.4,95,1916
13476,AL041917,            UNNAMED,1917-09-29,200, L, HU,30.4,-86.6,100,1917
13505,AL011918,            UNNAMED,1918-08-06,1800, L, HU,29.8,-93.2,105,1918
13535,AL031918,            UNNAMED,1918-08-24,2100, L, HU,34.8,-76.8,65,1918
13625,AL011919,            UNNAMED,1919-07-04,1100, L, TS,30.4,-87.0,55,1919
13664,AL021919,            UNNAMED,1919-09-10,700, L, HU,24.6,-82.9,130,1919
13683,AL021919,            UNNAMED,1919-09-14,2100, L, HU,27.2,-97.3,100,1919
13713,AL041919,            UNNAMED,1919-10-01,100, L, TS,31.2,-81.3,40,1919
13804,AL021920,            UNNAMED,1920-09-22,100, L, HU,29.1,-90.8,85,1920
13826,AL031920,            UNNAMED,1920-09-23,600, L, TS,33.7,-78.2,55,1920
13869,AL051920,            UNNAMED,1920-09-30,900, L, TS,28.9,-82.9,55,1920
13899,AL011921,            UNNAMED,1921-06-22,1800, L, HU,28.5,-95.9,80,1921
14067,AL061921,            UNNAMED,1921-10-25,2000, L, HU,28.1,-82.8,100,1921
14308,AL011923,            UNNAMED,1923-06-26,500, L, TS,29.1,-90.1,40,1923
14455,AL061923,            UNNAMED,1923-10-16,600, L, HU,29.2,-91.0,70,1923
14479,AL071923,            UNNAMED,1923-10-19,900, L, TS,41.3,-70.6,50,1923
14489,AL081923,            UNNAMED,1923-10-18,100, L, TS,30.3,-89.0,50,1923
14651,AL051924,            UNNAMED,1924-09-15,1400, L, HU,29.7,-85.3,75,1924
14741,AL081924,            UNNAMED,1924-09-29,2100, L, TS,30.0,-84.0,55,1924
14792,AL101924,            UNNAMED,1924-10-21,100, L, HU,25.8,-81.8,80,1924
14891,AL041925,            UNNAMED,1925-12-01,300, L, TS,26.3,-81.9,55,1925
14935,AL011926,            UNNAMED,1926-07-28,1000, L, HU,29.0,-80.8,90,1926
15021,AL031926,            UNNAMED,1926-08-25,2300, L, HU,29.2,-90.9,100,1926
15199,AL071926,            UNNAMED,1926-09-18,1200, L, HU,25.6,-80.3,125,1926
15209,AL071926,            UNNAMED,1926-09-20,2200, L, HU,30.3,-87.5,100,1926
15505,AL051927,            UNNAMED,1927-10-03,900, L, TS,32.5,-80.4,50,1927
15578,AL011928,            UNNAMED,1928-08-08,700, L, HU,27.3,-80.2,85,1928
15586,AL011928,            UNNAMED,1928-08-10,400, L, TS,30.0,-84.3,35,1928
15625,AL021928,            UNNAMED,1928-08-13,300, L, TS,24.7,-81.4,60,1928
15632,AL021928,            UNNAMED,1928-08-14,1400, L, TS,29.9,-84.7,45,1928
15717,AL041928,            UNNAMED,1928-09-17,0, L, HU,26.7,-80.0,125,1928
15725,AL041928,            UNNAMED,1928-09-18,1900, L, HU,32.5,-80.3,75,1928
15785,AL011929,            UNNAMED,1929-06-28,2100, L, HU,28.3,-96.4,80,1929
15831,AL021929,            UNNAMED,1929-09-28,1300, L, HU,25.0,-80.5,100,1929
15842,AL021929,            UNNAMED,1929-10-01,400, L, HU,30.2,-85.7,70,1929
16012,AL021930,            UNNAMED,1930-09-09,900, L, TS,27.5,-82.7,40,1930
16073,AL011931,            UNNAMED,1931-06-27,2200, L, TS,26.6,-97.3,40,1931
16095,AL021931,            UNNAMED,1931-07-15,1000, L, TS,29.2,-91.0,50,1931
16376,AL021932,            UNNAMED,1932-08-14,400, L, HU,29.0,-95.2,130,1932
16398,AL031932,            UNNAMED,1932-08-30,400, L, TS,25.3,-80.3,55,1932
16407,AL031932,            UNNAMED,1932-09-01,500, L, HU,30.2,-88.1,75,1932
16536,AL061932,            UNNAMED,1932-09-15,400, L, TS,30.0,-83.9,50,1932
16602,AL081932,            UNNAMED,1932-09-19,1900, L, TS,29.6,-91.9,55,1932
16937,AL031933,            UNNAMED,1933-07-23,800, L, TS,28.6,-96.0,40,1933
16990,AL051933,            UNNAMED,1933-07-30,1600, L, HU,27.1,-80.1,65,1933
17056,AL061933,            UNNAMED,1933-08-23,1000, L, HU,35.8,-75.6,80,1933
17057,AL061933,            UNNAMED,1933-08-23,1200, L, HU,36.1,-75.8,75,1933
17165,AL081933,            UNNAMED,1933-09-05,400, L, HU,26.1,-97.2,110,1933
17233,AL111933,            UNNAMED,1933-09-04,500, L, HU,26.9,-80.1,110,1933
17238,AL111933,            UNNAMED,1933-09-05,400, L, TS,29.2,-82.9,55,1933
17570,AL011934,            UNNAMED,1934-06-16,1900, L, HU,29.7,-91.7,85,1934
17626,AL031934,            UNNAMED,1934-07-25,1700, L, HU,28.1,-96.8,75,1934
17680,AL061934,            UNNAMED,1934-09-03,1000, L, TS,35.0,-76.2,40,1934
17701,AL071934,            UNNAMED,1934-09-09,200, L, HU,40.7,-73.0,65,1934
17702,AL071934,            UNNAMED,1934-09-09,400, L, TS,41.2,-73.0,50,1934
17799,AL111934,            UNNAMED,1934-10-06,100, L, TS,30.3,-87.4,45,1934
17942,AL031935,            UNNAMED,1935-09-03,200, L, HU,24.8,-80.8,160,1935
17950,AL031935,            UNNAMED,1935-09-04,2200, L, HU,29.6,-83.4,85,1935
18086,AL071935,            UNNAMED,1935-11-04,1800, L, HU,25.9,-80.1,85,1935
18162,AL011936,            UNNAMED,1936-06-15,800, L, TS,25.9,-81.7,40,1936
18188,AL031936,            UNNAMED,1936-06-27,1600, L, HU,27.9,-97.0,70,1936
18198,AL041936,            UNNAMED,1936-07-27,1600, L, TS,29.1,-90.2,40,1936
18210,AL051936,            UNNAMED,1936-07-29,200, L, TS,25.3,-80.3,55,1936
18221,AL051936,            UNNAMED,1936-07-31,1400, L, HU,30.4,-86.6,90,1936
18305,AL091936,            UNNAMED,1936-08-21,2200, L, TS,28.9,-80.8,50,1936
18568,AL011937,            UNNAMED,1937-07-29,2200, L, TS,28.1,-82.8,55,1937
18638,AL031937,            UNNAMED,1937-08-30,1400, L, TS,29.1,-80.9,60,1937
18729,AL071937,            UNNAMED,1937-09-19,1800, L, TS,29.1,-89.3,40,1937
18733,AL071937,            UNNAMED,1937-09-20,1600, L, TS,29.7,-85.4,35,1937
18807,AL101937,            UNNAMED,1937-10-03,1200, L, TS,29.5,-92.0,35,1937
18808,AL101937,            UNNAMED,1937-10-03,1400, L, TS,29.8,-92.0,35,1937
18873,AL031938,            UNNAMED,1938-08-15,100, L, HU,29.8,-93.4,65,1938
18969,AL061938,            UNNAMED,1938-09-21,2000, L, HU,40.7,-72.9,105,1938
18970,AL061938,            UNNAMED,1938-09-21,2100, L, HU,41.3,-72.9,100,1938
19004,AL071938,            UNNAMED,1938-10-17,1300, L, TS,29.3,-94.8,40,1938
19058,AL011939,            UNNAMED,1939-06-16,1300, L, TS,30.3,-87.6,50,1939
19085,AL021939,            UNNAMED,1939-08-11,2300, L, HU,27.2,-80.2,65,1939
19091,AL021939,            UNNAMED,1939-08-13,600, L, HU,30.4,-86.4,65,1939
19156,AL041939,            UNNAMED,1939-09-26,800, L, TS,29.1,-90.2,45,1939
19280,AL021940,            UNNAMED,1940-08-07,2100, L, HU,29.7,-94.1,85,1940
19318,AL031940,            UNNAMED,1940-08-11,2000, L, HU,32.1,-80.8,85,1940
19438,AL061940,            UNNAMED,1940-09-24,900, L, TS,29.8,-93.4,40,1940
19558,AL021941,            UNNAMED,1941-09-23,2200, L, HU,28.8,-95.6,110,1941
19644,AL051941,            UNNAMED,1941-10-06,1000, L, HU,25.5,-80.2,85,1941
19645,AL051941,            UNNAMED,1941-10-06,1100, L, HU,25.5,-80.3,85,1941
19650,AL051941,            UNNAMED,1941-10-07,900, L, HU,29.9,-84.6,80,1941
19699,AL061941,            UNNAMED,1941-10-20,1400, L, TS,29.0,-83.0,40,1941
19736,AL021942,            UNNAMED,1942-08-21,1300, L, HU,29.5,-94.6,65,1942
19773,AL031942,            UNNAMED,1942-08-30,900, L, HU,28.3,-96.6,100,1942
19986,AL011943,            UNNAMED,1943-07-27,1800, L, HU,29.5,-94.6,90,1943
20141,AL071943,            UNNAMED,1943-10-01,0, L, TS,37.7,-75.7,55,1943
20261,AL031944,            UNNAMED,1944-08-01,2300, L, HU,33.9,-78.1,70,1944
20332,AL061944,            UNNAMED,1944-09-10,1900, L, TS,29.3,-89.4,55,1944
20333,AL061944,            UNNAMED,1944-09-10,2300, L, TS,30.3,-88.3,50,1944
20361,AL071944,            UNNAMED,1944-09-15,200, L, HU,40.9,-72.2,90,1944
20362,AL071944,            UNNAMED,1944-09-15,400, L, HU,41.4,-71.6,85,1944
20484,AL131944,            UNNAMED,1944-10-18,2100, L, HU,24.6,-82.9,105,1944
20487,AL131944,            UNNAMED,1944-10-19,700, L, HU,27.2,-82.5,90,1944
20537,AL011945,            UNNAMED,1945-06-24,800, L, HU,28.6,-82.7,70,1945
20545,AL011945,            UNNAMED,1945-06-26,100, L, HU,34.7,-76.6,65,1945
20634,AL051945,            UNNAMED,1945-08-27,1200, L, HU,28.2,-96.7,100,1945
20664,AL071945,            UNNAMED,1945-09-05,0, L, TS,26.5,-82.1,35,1945
20702,AL091945,            UNNAMED,1945-09-15,1930, L, HU,25.3,-80.3,115,1945
20703,AL091945,            UNNAMED,1945-09-15,2000, L, HU,25.4,-80.4,115,1945
20710,AL091945,            UNNAMED,1945-09-17,1100, L, TS,32.1,-80.9,60,1945
20792,AL021946,            UNNAMED,1946-07-06,800, L, TS,33.9,-78.2,45,1946
20815,AL031946,            UNNAMED,1946-08-25,1900, L, TS,22.1,-97.8,35,1946
20820,AL041946,            UNNAMED,1946-09-12,1700, L, TS,25.0,-78.2,55,1946
20822,AL041946,            UNNAMED,1946-09-12,2300, L, TS,25.9,-77.3,65,1946
20869,AL061946,            UNNAMED,1946-10-07,400, L, HU,22.2,-83.9,80,1946
20874,AL061946,            UNNAMED,1946-10-08,200, L, HU,27.5,-82.6,75,1946
20904,AL071946,            UNNAMED,1946-11-01,300, L, TS,23.4,-75.8,35,1946
20906,AL071946,            UNNAMED,1946-11-01,1200, L, TS,24.6,-77.8,40,1946
20908,AL071946,            UNNAMED,1946-11-01,2200, L, TS,26.6,-80.1,40,1946
20922,AL011947,            UNNAMED,1947-08-02,0, L, TS,25.6,-97.3,45,1947
20939,AL021947,            UNNAMED,1947-08-12,1600, L, TS,19.9,-87.5,45,1947
20951,AL021947,            UNNAMED,1947-08-15,1000, L, HU,21.7,-97.5,95,1947
20972,AL031947,            UNNAMED,1947-08-22,1400, L, TS,29.1,-90.3,40,1947
20982,AL031947,            UNNAMED,1947-08-24,2200, L, HU,29.2,-94.9,70,1947
21046,AL041947,            UNNAMED,1947-09-16,1900, L, HU,26.7,-77.1,105,1947
21050,AL041947,            UNNAMED,1947-09-17,1630, L, HU,26.1,-80.1,115,1947
21059,AL041947,            UNNAMED,1947-09-19,1400, L, HU,29.6,-89.5,95,1947
21075,AL051947,            UNNAMED,1947-09-08,1400, L, TS,30.3,-88.2,45,1947
21085,AL061947,            UNNAMED,1947-09-21,2200, L, TS,21.6,-82.6,45,1947
21087,AL061947,            UNNAMED,1947-09-22,300, L, TS,22.5,-83.1,45,1947
21095,AL061947,            UNNAMED,1947-09-23,2200, L, TS,28.9,-82.7,55,1947
21111,AL071947,            UNNAMED,1947-10-07,400, L, TS,30.8,-81.5,50,1947
21145,AL091947,            UNNAMED,1947-10-11,700, L, TS,22.2,-83.6,55,1947
21149,AL091947,            UNNAMED,1947-10-12,200, L, HU,25.4,-81.2,80,1947
21163,AL091947,            UNNAMED,1947-10-15,1100, L, HU,31.8,-80.9,90,1947
21227,AL021948,            UNNAMED,1948-07-09,700, L, TS,30.3,-87.3,35,1948
21287,AL041948,            UNNAMED,1948-08-31,2200, L, TS,13.8,-60.9,40,1948
21303,AL051948,            UNNAMED,1948-09-04,700, L, HU,29.1,-90.5,70,1948
21393,AL081948,            UNNAMED,1948-09-20,2200, L, HU,22.3,-82.1,110,1948
21395,AL081948,            UNNAMED,1948-09-21,100, L, HU,22.7,-82.0,110,1948
21398,AL081948,            UNNAMED,1948-09-21,1700, L, HU,24.6,-81.6,105,1948
21401,AL081948,            UNNAMED,1948-09-22,500, L, HU,25.8,-81.3,115,1948
21426,AL091948,            UNNAMED,1948-10-05,700, L, HU,22.4,-83.2,110,1948
21428,AL091948,            UNNAMED,1948-10-05,1800, L, HU,24.7,-81.2,90,1948
21429,AL091948,            UNNAMED,1948-10-05,2000, L, HU,25.1,-80.9,90,1948
21438,AL091948,            UNNAMED,1948-10-07,2200, L, HU,32.3,-64.9,90,1948
21537,AL021949,            UNNAMED,1949-08-26,2300, L, HU,26.6,-80.0,115,1949
21568,AL031949,            UNNAMED,1949-09-01,600, L, TS,13.9,-61.0,40,1949
21616,AL051949,            UNNAMED,1949-09-04,1200, L, TS,29.3,-90.6,50,1949
21676,AL071949,            UNNAMED,1949-09-13,800, L, TS,34.3,-77.8,35,1949
21723,AL091949,            UNNAMED,1949-09-26,800, L, TS,19.5,-96.3,55,1949
21735,AL101949,            UNNAMED,1949-09-22,1500, L, TS,18.4,-70.0,55,1949
21765,AL111949,            UNNAMED,1949-10-04,500, L, HU,28.8,-95.6,95,1949
21876,AL161949,            UNNAMED,1949-11-04,1400, L, TS,15.6,-84.1,40,1949
21918,AL011950,               ABLE,1950-08-21,1600, L, HU,44.6,-63.7,65,1950
21946,AL021950,              BAKER,1950-08-22,1200, L, TS,16.8,-62.2,60,1950
21981,AL021950,              BAKER,1950-08-31,300, L, HU,30.2,-88.0,75,1950
21982,AL021950,              BAKER,1950-08-31,400, L, HU,30.7,-87.9,75,1950
22133,AL051950,               EASY,1950-09-03,100, L, HU,21.5,-82.6,70,1950
22135,AL051950,               EASY,1950-09-03,700, L, HU,22.7,-82.3,80,1950
22145,AL051950,               EASY,1950-09-05,1700, L, HU,29.1,-82.8,105,1950
22148,AL051950,               EASY,1950-09-06,400, L, HU,28.5,-82.7,90,1950
22271,AL091950,               ITEM,1950-10-11,400, L, HU,18.9,-95.9,90,1950
22317,AL111950,               KING,1950-10-16,2200, L, HU,20.9,-78.3,80,1950
22323,AL111950,               KING,1950-10-18,500, L, HU,25.7,-80.2,115,1950
22378,AL131950,               LOVE,1950-10-21,1100, L, TS,29.7,-83.4,50,1950
22470,AL021951,               ABLE,1951-05-18,1200, L, HU,27.0,-77.9,75,1951
22536,AL041951,            CHARLIE,1951-08-18,300, L, HU,17.9,-76.9,110,1951
22545,AL041951,            CHARLIE,1951-08-20,200, L, HU,20.3,-87.0,115,1951
22546,AL041951,            CHARLIE,1951-08-20,300, L, HU,20.4,-87.3,115,1951
22558,AL041951,            CHARLIE,1951-08-22,1900, L, HU,22.3,-97.8,100,1951
22699,AL081951,             GEORGE,1951-09-21,1400, L, TS,21.6,-97.4,50,1951
22716,AL091951,                HOW,1951-10-02,1000, L, TS,26.7,-82.3,55,1951
22899,AL021952,               ABLE,1952-08-31,300, L, HU,32.3,-80.6,85,1952
22915,AL031952,            UNNAMED,1952-08-28,200, L, TS,33.7,-78.7,45,1952
23100,AL101952,                FOX,1952-10-24,1800, L, HU,22.0,-80.9,125,1952
23105,AL101952,                FOX,1952-10-25,1900, L, TS,24.4,-78.3,60,1952
23108,AL101952,                FOX,1952-10-26,1000, L, HU,24.7,-76.2,75,1952
23110,AL101952,                FOX,1952-10-26,1500, L, HU,24.5,-75.6,75,1952
23148,AL011953,              ALICE,1953-05-26,1800, L, TS,15.4,-83.9,35,1953
23168,AL011953,              ALICE,1953-05-31,1300, L, TS,21.9,-84.3,45,1953
23193,AL011953,              ALICE,1953-06-06,1700, L, TS,30.3,-85.9,40,1953
23227,AL031953,            BARBARA,1953-08-14,300, L, HU,35.0,-76.1,80,1953
23228,AL031953,            BARBARA,1953-08-14,500, L, HU,35.4,-76.1,75,1953
23230,AL031953,            BARBARA,1953-08-14,900, L, HU,36.1,-75.9,70,1953
23284,AL041953,              CAROL,1953-09-07,2000, L, HU,44.2,-66.4,75,1953
23285,AL041953,              CAROL,1953-09-07,2200, L, HU,45.3,-65.8,70,1953
23322,AL061953,              DOLLY,1953-09-12,500, L, TS,32.3,-64.8,55,1953
23389,AL081953,            UNNAMED,1953-09-20,1700, L, TS,29.0,-82.8,35,1953
23405,AL091953,           FLORENCE,1953-09-26,1500, L, HU,30.3,-86.2,80,1953
23481,AL121953,              HAZEL,1953-10-09,1500, L, HU,26.7,-82.2,75,1953
23482,AL121953,              HAZEL,1953-10-09,1600, L, HU,26.7,-82.1,75,1953
23583,AL031954,              ALICE,1954-06-25,1400, L, HU,25.0,-97.6,95,1954
23614,AL051954,            BARBARA,1954-07-29,1000, L, TS,29.7,-92.8,50,1954
23645,AL061954,              CAROL,1954-08-31,1400, L, HU,40.9,-72.2,100,1954
23646,AL061954,              CAROL,1954-08-31,1500, L, HU,41.3,-72.0,100,1954
23696,AL081954,               EDNA,1954-09-11,1830, L, HU,41.4,-70.5,95,1954
23697,AL081954,               EDNA,1954-09-11,1900, L, HU,41.7,-70.3,95,1954
23698,AL081954,               EDNA,1954-09-11,1930, L, HU,41.9,-70.1,90,1954
23725,AL101954,           FLORENCE,1954-09-12,1100, L, TS,20.4,-96.8,55,1954
23751,AL121954,              GILDA,1954-09-27,1700, L, TS,16.7,-88.4,55,1954
23814,AL141954,              HAZEL,1954-10-06,0, L, HU,12.2,-61.6,65,1954
23840,AL141954,              HAZEL,1954-10-12,900, L, HU,18.3,-74.2,105,1954
23843,AL141954,              HAZEL,1954-10-13,0, L, HU,19.6,-73.4,85,1954
23846,AL141954,              HAZEL,1954-10-13,1400, L, HU,21.0,-73.1,85,1954
23855,AL141954,              HAZEL,1954-10-15,1530, L, HU,33.9,-78.6,115,1954
23901,AL011955,             BRENDA,1955-08-01,1700, L, TS,29.7,-89.4,55,1955
23947,AL021955,             CONNIE,1955-08-12,1500, L, HU,34.7,-76.7,85,1955
23999,AL031955,              DIANE,1955-08-17,1200, L, TS,34.0,-77.9,60,1955
24091,AL051955,            UNNAMED,1955-08-27,400, L, TS,30.0,-89.2,45,1955
24139,AL071955,             GLADYS,1955-09-05,2200, L, HU,23.1,-97.8,65,1955
24181,AL081955,               IONE,1955-09-19,1100, L, HU,34.7,-76.7,90,1955
24222,AL091955,              HILDA,1955-09-13,2100, L, HU,20.2,-74.2,70,1955
24228,AL091955,              HILDA,1955-09-15,300, L, HU,19.3,-81.2,65,1955
24235,AL091955,              HILDA,1955-09-16,1400, L, HU,19.7,-87.7,105,1955
24247,AL091955,              HILDA,1955-09-19,1100, L, HU,22.3,-97.9,105,1955
24258,AL101955,              JANET,1955-09-23,0, L, HU,12.6,-61.4,90,1955
24278,AL101955,              JANET,1955-09-27,1700, L, HU,17.4,-83.9,140,1955
24281,AL101955,              JANET,1955-09-28,500, L, HU,18.4,-87.8,150,1955
24288,AL101955,              JANET,1955-09-29,1800, L, HU,19.8,-96.4,95,1955
24342,AL131955,              KATIE,1955-10-17,500, L, HU,18.0,-71.7,95,1955
24360,AL161954,              ALICE,1955-01-02,2100, L, HU,18.0,-63.0,65,1955
24381,AL011956,            UNNAMED,1956-06-13,1700, L, TS,29.1,-90.7,50,1956
24394,AL021956,               ANNA,1956-07-26,2100, L, HU,21.7,-97.5,75,1956
24496,AL051956,               DORA,1956-09-12,1800, L, TS,20.9,-97.3,50,1956
24524,AL071956,             FLOSSY,1956-09-24,1000, L, HU,29.1,-89.4,75,1956
24527,AL071956,             FLOSSY,1956-09-25,0, L, HU,30.4,-86.4,80,1956
24623,AL111956,            UNNAMED,1956-10-15,2100, L, TS,25.2,-80.6,50,1956
24652,AL011957,            UNNAMED,1957-06-09,30, L, TS,30.1,-84.2,45,1957
24693,AL021957,             AUDREY,1957-06-27,1330, L, HU,29.8,-93.7,110,1957
24709,AL031957,             BERTHA,1957-08-10,600, L, TS,29.7,-93.9,55,1957
24815,AL051957,             DEBBIE,1957-09-08,1700, L, TS,30.3,-86.1,35,1957
24829,AL061957,             ESTHER,1957-09-18,1200, L, TS,29.2,-90.9,55,1957
24888,AL011958,               ALMA,1958-06-15,800, L, TS,24.9,-97.6,55,1958
25016,AL051958,               ELLA,1958-09-01,1200, L, HU,18.2,-73.4,95,1958
25018,AL051958,               ELLA,1958-09-02,0, L, HU,20.0,-76.2,70,1958
25024,AL051958,               ELLA,1958-09-03,1100, L, TS,21.8,-82.7,55,1958
25026,AL051958,               ELLA,1958-09-03,1700, L, TS,22.1,-84.0,60,1958
25038,AL051958,               ELLA,1958-09-06,800, L, TS,27.5,-97.2,50,1958
25075,AL071958,              GERDA,1958-09-14,2100, L, TS,18.0,-71.2,50,1958
25098,AL071958,              GERDA,1958-09-20,800, L, TS,24.5,-97.7,40,1958
25193,AL101958,             JANICE,1958-10-06,300, L, TS,22.0,-80.3,50,1958
25196,AL101958,             JANICE,1958-10-06,1600, L, TS,24.2,-78.0,55,1958
25198,AL101958,             JANICE,1958-10-06,2100, L, HU,25.1,-77.1,60,1958
25199,AL101958,             JANICE,1958-10-06,2300, L, HU,25.5,-76.8,60,1958
25267,AL011959,             ARLENE,1959-05-30,2200, L, TS,29.6,-91.6,55,1959
25297,AL031959,            UNNAMED,1959-06-18,800, L, TS,28.0,-82.8,40,1959
25334,AL041959,              CINDY,1959-07-09,400, L, HU,33.0,-79.6,65,1959
25344,AL041959,              CINDY,1959-07-11,1200, L, TS,41.7,-70.7,50,1959
25360,AL051959,              DEBRA,1959-07-25,500, L, HU,29.1,-95.2,75,1959
25374,AL061959,              EDITH,1959-08-18,1000, L, TS,15.3,-61.3,50,1959
25432,AL081959,             GRACIE,1959-09-29,1700, L, HU,32.5,-80.4,115,1959
25498,AL101959,              IRENE,1959-10-08,1000, L, TS,30.3,-87.6,40,1959
25522,AL111959,             JUDITH,1959-10-18,1400, L, TS,26.7,-82.3,55,1959
25617,AL011960,            UNNAMED,1960-06-24,400, L, TS,26.9,-97.4,50,1960
25640,AL021960,               ABBY,1960-07-10,1200, L, TS,13.9,-60.9,55,1960
25659,AL021960,               ABBY,1960-07-15,600, L, HU,16.3,-86.6,70,1960
25661,AL021960,               ABBY,1960-07-15,1400, L, HU,16.5,-88.4,70,1960
25676,AL031960,             BRENDA,1960-07-29,600, L, TS,29.7,-83.5,35,1960
25679,AL031960,             BRENDA,1960-07-29,2100, L, TS,33.9,-78.2,60,1960
25755,AL051960,              DONNA,1960-09-04,2200, L, HU,17.7,-61.8,110,1960
25757,AL051960,              DONNA,1960-09-05,400, L, HU,18.1,-63.0,110,1960
25770,AL051960,              DONNA,1960-09-08,600, L, HU,22.2,-74.3,105,1960
25772,AL051960,              DONNA,1960-09-08,1600, L, HU,22.4,-75.8,105,1960
25780,AL051960,              DONNA,1960-09-10,700, L, HU,24.8,-80.9,125,1960
25782,AL051960,              DONNA,1960-09-10,1600, L, HU,25.9,-81.6,105,1960
25789,AL051960,              DONNA,1960-09-12,400, L, HU,34.6,-77.3,90,1960
25793,AL051960,              DONNA,1960-09-12,1900, L, HU,40.7,-72.9,85,1960
25794,AL051960,              DONNA,1960-09-12,2000, L, HU,41.3,-72.4,80,1960
25815,AL061960,              ETHEL,1960-09-15,2100, L, HU,30.4,-89.0,70,1960
25833,AL071960,           FLORENCE,1960-09-19,900, L, TS,21.1,-73.1,35,1960
28878,AL091969,            CAMILLE,1969-08-15,2200, L, HU,21.9,-84.3,95,1969
28888,AL091969,            CAMILLE,1969-08-18,400, L, HU,30.3,-89.4,150,1969
34797,AL031983,             ALICIA,1983-08-18,700, L, HU,29.1,-95.1,100,1983
34817,AL041983,              BARRY,1983-08-25,1100, L, TD,27.9,-80.6,30,1983
34831,AL041983,              BARRY,1983-08-28,1725, L, HU,25.4,-97.4,70,1983
35022,AL101984,              DIANA,1984-09-13,700, L, HU,33.9,-78.0,80,1984
35341,AL021985,                BOB,1985-07-25,300, L, HU,32.2,-80.5,65,1985
35391,AL041985,              DANNY,1985-08-15,1630, L, HU,29.6,-92.7,80,1985
35436,AL051985,              ELENA,1985-09-02,1300, L, HU,30.4,-89.2,100,1985
35536,AL091985,             GLORIA,1985-09-27,530, L, HU,35.2,-75.6,90,1985
35539,AL091985,             GLORIA,1985-09-27,1600, L, HU,40.6,-73.3,75,1985
35571,AL101985,              HENRI,1985-09-24,2100, L, TS,40.8,-72.5,35,1985
35572,AL101985,              HENRI,1985-09-25,0, L, TD,41.3,-71.8,30,1985
35589,AL111985,             ISABEL,1985-10-10,2100, L, TS,30.6,-81.4,35,1985
35623,AL121985,               JUAN,1985-10-29,1100, L, HU,29.5,-91.4,65,1985
35663,AL131985,               KATE,1985-11-21,2230, L, HU,30.0,-85.4,85,1985
35709,AL021986,             BONNIE,1986-06-26,1000, L, HU,29.6,-94.2,75,1986
35764,AL051986,            CHARLEY,1986-08-17,1400, L, HU,34.7,-76.5,65,1986
36029,AL031987,            UNNAMED,1987-08-10,600, L, TS,29.5,-94.5,40,1987
36229,AL121987,              EMILY,1987-09-23,300, L, HU,18.3,-71.0,95,1987
36239,AL121987,              EMILY,1987-09-25,1145, L, HU,32.3,-64.7,75,1987
36261,AL131987,              FLOYD,1987-10-12,2100, L, HU,25.1,-80.5,65,1987
36338,AL031988,              CHRIS,1988-08-28,1500, L, TS,32.0,-80.9,40,1988
36357,AL041988,              DEBBY,1988-09-03,0, L, HU,20.7,-97.3,65,1988
36416,AL071988,           FLORENCE,1988-09-10,200, L, HU,29.1,-89.3,70,1988
36439,AL081988,            GILBERT,1988-09-12,1700, L, HU,17.8,-76.8,115,1988
36448,AL081988,            GILBERT,1988-09-14,1500, L, HU,20.7,-87.0,140,1988
36458,AL081988,            GILBERT,1988-09-16,2200, L, HU,24.2,-97.8,110,1988
36546,AL111988,               JOAN,1988-10-15,100, L, TS,12.1,-61.8,45,1988
36555,AL111988,               JOAN,1988-10-17,600, L, TS,12.0,-71.2,55,1988
36576,AL111988,               JOAN,1988-10-22,1000, L, HU,11.9,-83.7,125,1988
36596,AL121988,              KEITH,1988-11-21,800, L, TS,21.2,-86.8,60,1988
36605,AL121988,              KEITH,1988-11-23,700, L, TS,27.3,-82.6,55,1988
36729,AL021989,            ALLISON,1989-06-26,1300, L, TS,28.7,-95.7,40,1989
36777,AL041989,            CHANTAL,1989-08-01,1300, L, HU,29.6,-94.4,70,1989
36818,AL051989,               DEAN,1989-08-08,1300, L, TS,46.9,-55.9,55,1989
37049,AL111989,               HUGO,1989-09-17,500, L, HU,16.3,-61.3,120,1989
37054,AL111989,               HUGO,1989-09-18,600, L, HU,17.7,-64.8,120,1989
37055,AL111989,               HUGO,1989-09-18,1200, L, HU,18.2,-65.5,110,1989
37056,AL111989,               HUGO,1989-09-18,1300, L, HU,18.3,-65.6,110,1989
37071,AL111989,               HUGO,1989-09-22,400, L, HU,32.8,-79.8,120,1989
37138,AL141989,              JERRY,1989-10-16,30, L, HU,29.2,-95.0,75,1989
37270,AL051990,              DIANA,1990-08-05,1800, L, TS,19.1,-87.6,55,1990
37279,AL051990,              DIANA,1990-08-07,1900, L, HU,20.9,-97.0,85,1990
37714,AL031991,                BOB,1991-08-19,1720, L, HU,41.2,-71.6,90,1991
37715,AL031991,                BOB,1991-08-19,1800, L, HU,41.4,-71.4,85,1991
37717,AL031991,                BOB,1991-08-20,130, L, TS,44.1,-69.1,60,1991
37850,AL081991,              ERIKA,1991-09-12,300, L, TS,37.7,-25.9,35,1991
37858,AL091991,             FABIAN,1991-10-15,2100, L, TS,21.5,-82.8,40,1991
37859,AL091991,             FABIAN,1991-10-16,0, L, TS,22.4,-81.8,40,1991
37908,AL121991,            UNNAMED,1991-11-02,1400, L, TS,44.6,-63.5,45,1991
37966,AL041992,             ANDREW,1992-08-23,2100, L, HU,25.4,-76.6,140,1992
37968,AL041992,             ANDREW,1992-08-24,100, L, HU,25.4,-77.8,130,1992
37970,AL041992,             ANDREW,1992-08-24,840, L, HU,25.5,-80.2,145,1992
37971,AL041992,             ANDREW,1992-08-24,905, L, HU,25.5,-80.3,145,1992
37980,AL041992,             ANDREW,1992-08-26,830, L, HU,29.6,-91.5,100,1992
38094,AL071992,           DANIELLE,1992-09-25,2200, L, TS,37.8,-75.5,55,1992
38204,AL021993,             ARLENE,1993-06-20,900, L, TS,27.1,-97.4,35,1993
38221,AL031993,               BRET,1993-08-07,700, L, TS,10.8,-60.8,50,1993
38222,AL031993,               BRET,1993-08-07,1000, L, TS,10.8,-61.8,50,1993
38227,AL031993,               BRET,1993-08-08,800, L, TS,11.0,-68.3,40,1993
38237,AL031993,               BRET,1993-08-10,1700, L, TS,11.1,-83.8,40,1993
38243,AL041993,              CINDY,1993-08-14,1800, L, TS,14.5,-60.9,35,1993
38252,AL041993,              CINDY,1993-08-16,2100, L, TD,18.3,-71.0,30,1993
38363,AL081993,               GERT,1993-09-15,1800, L, TS,11.8,-83.8,35,1993
38372,AL081993,               GERT,1993-09-18,0, L, TS,17.3,-88.1,35,1993
38384,AL081993,               GERT,1993-09-20,2100, L, HU,21.2,-97.5,85,1993
38421,AL011994,            ALBERTO,1994-07-03,1500, L, TS,30.4,-86.5,55,1994
38441,AL021994,            UNNAMED,1994-07-20,1400, L, TD,33.2,-79.2,30,1994
38451,AL031994,              BERYL,1994-08-16,0, L, TS,30.0,-85.6,50,1994
38502,AL051994,            UNNAMED,1994-08-31,600, L, TD,22.4,-98.0,30,1994
38507,AL061994,              DEBBY,1994-09-10,300, L, TS,14.0,-61.0,55,1994
38535,AL081994,            UNNAMED,1994-09-25,1800, L, TD,16.6,-88.4,30,1994
38589,AL121994,             GORDON,1994-11-10,600, L, TD,14.0,-83.4,30,1994
38601,AL121994,             GORDON,1994-11-13,300, L, TS,17.9,-76.8,35,1994
38604,AL121994,             GORDON,1994-11-13,1300, L, TS,20.0,-74.9,40,1994
38613,AL121994,             GORDON,1994-11-15,1300, L, TS,24.6,-81.7,45,1994
38618,AL121994,             GORDON,1994-11-16,1300, L, TS,26.5,-81.9,45,1994
38637,AL121994,             GORDON,1994-11-21,300, L, TD,28.5,-80.6,25,1994
38652,AL011995,            ALLISON,1995-06-05,1400, L, TS,29.9,-84.4,60,1995
38653,AL011995,            ALLISON,1995-06-05,1500, L, TS,30.1,-84.2,55,1995
38696,AL021995,              BARRY,1995-07-09,2130, L, TS,45.3,-61.0,50,1995
38697,AL021995,              BARRY,1995-07-09,2200, L, TS,45.6,-60.8,45,1995
38751,AL041995,               DEAN,1995-07-31,200, L, TS,29.2,-95.3,40,1995
38773,AL051995,               ERIN,1995-08-02,615, L, HU,27.7,-80.3,75,1995
38780,AL051995,               ERIN,1995-08-03,1600, L, HU,30.3,-87.2,75,1995
38798,AL061995,            UNNAMED,1995-08-06,2300, L, TD,21.5,-97.4,30,1995
38880,AL081995,          GABRIELLE,1995-08-11,2000, L, TS,23.7,-97.8,60,1995
38944,AL101995,               IRIS,1995-08-27,1800, L, TS,17.0,-61.9,50,1995
38945,AL101995,               IRIS,1995-08-27,2300, L, TS,17.7,-62.0,55,1995
38993,AL111995,              JERRY,1995-08-23,1800, L, TS,27.0,-80.2,35,1995
39078,AL131995,               LUIS,1995-09-05,1200, L, HU,17.5,-61.7,115,1995
39134,AL151995,            MARILYN,1995-09-14,2100, L, HU,15.5,-61.3,70,1995
39279,AL171995,               OPAL,1995-10-04,2200, L, HU,30.3,-87.1,100,1995
39319,AL191995,            ROXANNE,1995-10-11,200, L, HU,20.0,-87.6,100,1995
39417,AL011996,             ARTHUR,1996-06-20,0, L, TS,34.7,-76.4,35,1996
39462,AL021996,             BERTHA,1996-07-12,2000, L, HU,34.3,-77.8,90,1996
39495,AL031996,              CESAR,1996-07-28,400, L, HU,12.2,-83.9,75,1996
39505,AL041996,              DOLLY,1996-08-20,1730, L, HU,19.1,-87.7,65,1996
39517,AL041996,              DOLLY,1996-08-23,1200, L, HU,21.6,-97.7,70,1996
39652,AL061996,               FRAN,1996-09-06,30, L, HU,33.9,-78.0,100,1996
39725,AL081996,           HORTENSE,1996-09-10,600, L, HU,18.0,-66.9,70,1996
39745,AL081996,           HORTENSE,1996-09-15,300, L, HU,44.8,-62.5,70,1996
39798,AL101996,          JOSEPHINE,1996-10-08,330, L, TS,30.0,-83.9,60,1996
39836,AL111996,               KYLE,1996-10-12,1200, L, TD,16.0,-88.1,30,1996
39854,AL121996,               LILI,1996-10-18,930, L, HU,22.3,-82.0,85,1996
40014,AL051997,              DANNY,1997-07-18,900, L, HU,29.3,-89.7,65,1997
40019,AL051997,              DANNY,1997-07-19,1000, L, HU,30.2,-88.1,70,1997
40021,AL051997,              DANNY,1997-07-19,1800, L, HU,30.4,-87.9,65,1997
40215,AL021998,             BONNIE,1998-08-27,400, L, HU,34.4,-77.7,95,1998
40238,AL031998,            CHARLEY,1998-08-22,1000, L, TS,27.8,-97.1,40,1998
40318,AL051998,               EARL,1998-09-03,600, L, HU,30.1,-85.7,70,1998
40350,AL061998,            FRANCES,1998-09-11,600, L, TS,28.2,-96.9,45,1998
40384,AL071998,            GEORGES,1998-09-21,430, L, HU,17.0,-61.7,100,1998
40386,AL071998,            GEORGES,1998-09-21,800, L, HU,17.2,-62.6,100,1998
40389,AL071998,            GEORGES,1998-09-21,2200, L, HU,18.1,-65.8,90,1998
40393,AL071998,            GEORGES,1998-09-22,1230, L, HU,18.2,-68.7,105,1998
40399,AL071998,            GEORGES,1998-09-23,2130, L, HU,20.1,-74.5,65,1998
40407,AL071998,            GEORGES,1998-09-25,1530, L, HU,24.5,-81.8,90,1998
40419,AL071998,            GEORGES,1998-09-28,1130, L, HU,30.4,-88.9,90,1998
40443,AL081998,            HERMINE,1998-09-20,500, L, TS,29.1,-90.9,35,1998
40614,AL131998,              MITCH,1998-10-29,1200, L, HU,15.9,-85.7,70,1998
40637,AL131998,              MITCH,1998-11-04,200, L, TS,20.1,-90.5,35,1998
40643,AL131998,              MITCH,1998-11-05,1100, L, TS,26.2,-81.9,50,1998
40725,AL021999,            UNNAMED,1999-07-03,400, L, TD,20.5,-97.0,30,1999
40744,AL031999,               BRET,1999-08-23,0, L, HU,26.9,-97.4,100,1999
40822,AL051999,             DENNIS,1999-08-28,700, L, HU,26.6,-76.8,75,1999
40853,AL051999,             DENNIS,1999-09-04,2100, L, TS,34.8,-76.5,60,1999
40891,AL071999,            UNNAMED,1999-09-06,1200, L, TD,23.2,-97.7,30,1999
40923,AL081999,              FLOYD,1999-09-14,1200, L, HU,25.4,-76.3,105,1999
40925,AL081999,              FLOYD,1999-09-14,1900, L, HU,26.3,-77.1,110,1999
40932,AL081999,              FLOYD,1999-09-16,630, L, HU,33.8,-78.0,90,1999
41006,AL101999,             HARVEY,1999-09-21,1700, L, TS,25.9,-81.7,50,1999
41039,AL131999,              IRENE,1999-10-14,1200, L, TS,21.3,-82.9,60,1999
41041,AL131999,              IRENE,1999-10-14,1900, L, TS,22.7,-82.5,60,1999
41045,AL131999,              IRENE,1999-10-15,1300, L, HU,24.6,-81.6,65,1999
41047,AL131999,              IRENE,1999-10-15,2000, L, HU,25.3,-81.1,70,1999
41077,AL141999,               JOSE,1999-10-20,1600, L, HU,17.1,-61.7,80,1999
41081,AL141999,               JOSE,1999-10-21,1105, L, TS,18.4,-64.6,60,1999
41104,AL151999,            KATRINA,1999-10-30,0, L, TS,13.8,-83.4,35,1999
41131,AL161999,              LENNY,1999-11-17,1800, L, HU,17.4,-64.8,135,1999
41135,AL161999,              LENNY,1999-11-18,1800, L, HU,18.0,-63.3,110,1999
41136,AL161999,              LENNY,1999-11-19,0, L, HU,18.1,-63.1,85,1999
41137,AL161999,              LENNY,1999-11-19,600, L, HU,18.0,-62.9,75,1999
41140,AL161999,              LENNY,1999-11-20,0, L, TS,17.3,-61.8,55,1999
41299,AL072000,              DEBBY,2000-08-22,600, L, HU,17.5,-61.7,65,2000
41300,AL072000,              DEBBY,2000-08-22,915, L, HU,17.9,-62.8,65,2000
41302,AL072000,              DEBBY,2000-08-22,1500, L, HU,18.5,-64.4,65,2000
41325,AL092000,            UNNAMED,2000-09-09,1000, L, TD,29.9,-93.9,25,2000
41371,AL112000,             GORDON,2000-09-18,300, L, TS,29.3,-83.2,55,2000
41413,AL122000,             HELENE,2000-09-22,1200, L, TS,30.5,-86.6,35,2000
41525,AL152000,              KEITH,2000-10-02,2300, L, HU,17.9,-88.0,65,2000
41527,AL152000,              KEITH,2000-10-03,300, L, TS,17.9,-88.2,60,2000
41538,AL152000,              KEITH,2000-10-05,1800, L, HU,22.6,-97.9,80,2000
41625,AL012001,            ALLISON,2001-06-05,2100, L, TS,28.9,-95.3,45,2001
41647,AL012001,            ALLISON,2001-06-11,200, L, SD,29.6,-91.6,30,2001
41700,AL032001,              BARRY,2001-08-06,500, L, TS,30.4,-86.3,60,2001
41736,AL042001,            CHANTAL,2001-08-21,200, L, TS,18.1,-87.8,60,2001
41891,AL082001,          GABRIELLE,2001-09-14,1200, L, TS,27.1,-82.6,60,2001
41923,AL092001,            UNNAMED,2001-09-20,0, L, TD,13.9,-83.5,30,2001
41970,AL112001,               IRIS,2001-10-09,200, L, HU,16.3,-88.4,125,2001
42000,AL132001,              KAREN,2001-10-15,1200, L, TS,44.2,-64.8,40,2001
42042,AL152001,           MICHELLE,2001-11-04,1800, L, HU,21.5,-81.8,120,2001
42043,AL152001,           MICHELLE,2001-11-04,2300, L, HU,22.1,-81.2,115,2001
42046,AL152001,           MICHELLE,2001-11-05,1200, L, HU,24.3,-78.0,80,2001
42047,AL152001,           MICHELLE,2001-11-05,1800, L, HU,25.4,-76.4,75,2001
42134,AL022002,             BERTHA,2002-08-05,200, L, TS,29.4,-89.3,35,2002
42152,AL022002,             BERTHA,2002-08-09,800, L, TD,27.3,-97.4,20,2002
42207,AL052002,            EDOUARD,2002-09-05,45, L, TS,29.4,-81.1,35,2002
42221,AL062002,                FAY,2002-09-07,900, L, TS,28.5,-96.3,50,2002
42258,AL082002,             GUSTAV,2002-09-12,430, L, HU,45.6,-60.4,80,2002
42260,AL082002,             GUSTAV,2002-09-12,900, L, HU,47.6,-58.6,65,2002
42282,AL092002,              HANNA,2002-09-14,800, L, TS,29.1,-89.1,50,2002
42284,AL092002,              HANNA,2002-09-14,1500, L, TS,30.4,-88.4,50,2002
42314,AL102002,            ISIDORE,2002-09-20,2100, L, HU,22.0,-84.1,75,2002
42323,AL102002,            ISIDORE,2002-09-22,2100, L, HU,21.3,-89.3,110,2002
42337,AL102002,            ISIDORE,2002-09-26,600, L, TS,29.1,-90.3,55,2002
42437,AL122002,               KYLE,2002-10-11,1700, L, TS,33.0,-79.5,35,2002
42439,AL122002,               KYLE,2002-10-11,2200, L, TS,33.9,-78.4,35,2002
42479,AL132002,               LILI,2002-09-30,1400, L, HU,19.7,-79.8,65,2002
42483,AL132002,               LILI,2002-10-01,1100, L, HU,21.3,-83.0,90,2002
42485,AL132002,               LILI,2002-10-01,1400, L, HU,22.1,-84.0,90,2002
42495,AL132002,               LILI,2002-10-03,1300, L, HU,29.5,-92.2,80,2002
42509,AL142002,            UNNAMED,2002-10-16,1600, L, TD,22.0,-80.7,25,2002
42565,AL032003,               BILL,2003-06-30,1900, L, TS,29.3,-91.0,50,2003
42593,AL042003,          CLAUDETTE,2003-07-11,1000, L, TS,20.8,-86.9,50,2003
42611,AL042003,          CLAUDETTE,2003-07-15,1530, L, HU,28.3,-96.2,80,2003
42675,AL072003,            UNNAMED,2003-07-26,600, L, TD,31.5,-81.3,25,2003
42686,AL082003,              ERIKA,2003-08-16,1030, L, HU,25.3,-97.4,65,2003
42751,AL112003,              GRACE,2003-08-31,1100, L, TS,29.4,-95.1,35,2003
42771,AL122003,              HENRI,2003-09-06,900, L, TD,27.9,-82.8,30,2003
42833,AL132003,             ISABEL,2003-09-18,1700, L, HU,34.9,-76.2,90,2003
42869,AL152003,               JUAN,2003-09-29,300, L, HU,44.4,-63.8,85,2003
42961,AL172003,              LARRY,2003-10-05,1000, L, TS,18.4,-93.5,50,2003
43076,AL202003,             ODETTE,2003-12-06,2300, L, TS,17.8,-71.5,50,2003
43166,AL022004,             BONNIE,2004-08-12,1400, L, TS,29.6,-85.1,40,2004
43188,AL032004,            CHARLEY,2004-08-13,430, L, HU,22.7,-82.6,105,2004
43192,AL032004,            CHARLEY,2004-08-13,1945, L, HU,26.6,-82.2,130,2004
43193,AL032004,            CHARLEY,2004-08-13,2045, L, HU,26.9,-82.1,125,2004
43197,AL032004,            CHARLEY,2004-08-14,1400, L, HU,33.0,-79.4,70,2004
43198,AL032004,            CHARLEY,2004-08-14,1600, L, HU,33.8,-78.7,65,2004
43296,AL062004,            FRANCES,2004-09-02,1930, L, HU,24.0,-74.5,110,2004
43298,AL062004,            FRANCES,2004-09-03,530, L, HU,24.6,-75.6,100,2004
43300,AL062004,            FRANCES,2004-09-03,1000, L, HU,25.1,-76.1,95,2004
43305,AL062004,            FRANCES,2004-09-04,1000, L, HU,26.6,-78.2,90,2004
43309,AL062004,            FRANCES,2004-09-05,430, L, HU,27.2,-80.2,90,2004
43316,AL062004,            FRANCES,2004-09-06,1800, L, TS,30.1,-84.0,50,2004
43342,AL072004,             GASTON,2004-08-29,1400, L, HU,33.0,-79.6,65,2004
43375,AL082004,            HERMINE,2004-08-31,600, L, TS,41.5,-70.9,35,2004
43437,AL092004,               IVAN,2004-09-16,650, L, HU,30.2,-87.9,105,2004
43469,AL092004,               IVAN,2004-09-24,200, L, TD,29.8,-93.6,30,2004
43486,AL112004,             JEANNE,2004-09-14,400, L, TD,16.2,-61.3,30,2004
43493,AL112004,             JEANNE,2004-09-15,1600, L, TS,18.0,-66.0,60,2004
43497,AL112004,             JEANNE,2004-09-16,1100, L, HU,18.6,-68.3,70,2004
43535,AL112004,             JEANNE,2004-09-25,1400, L, HU,26.7,-77.3,100,2004
43538,AL112004,             JEANNE,2004-09-26,400, L, HU,27.2,-80.2,105,2004
43664,AL142004,            MATTHEW,2004-10-10,1100, L, TS,29.2,-91.0,35,2004
43723,AL012005,             ARLENE,2005-06-10,800, L, TS,21.8,-84.5,45,2005
43731,AL012005,             ARLENE,2005-06-11,1900, L, TS,30.3,-87.5,50,2005
43746,AL022005,               BRET,2005-06-29,1200, L, TS,20.8,-97.3,35,2005
43751,AL032005,              CINDY,2005-07-04,330, L, TD,19.0,-87.6,30,2005
43760,AL032005,              CINDY,2005-07-06,300, L, HU,29.2,-90.1,65,2005
43762,AL032005,              CINDY,2005-07-06,900, L, TS,30.2,-89.5,45,2005
43784,AL042005,             DENNIS,2005-07-04,2100, L, TD,12.1,-61.6,30,2005
43798,AL042005,             DENNIS,2005-07-08,245, L, HU,19.9,-77.6,120,2005
43802,AL042005,             DENNIS,2005-07-08,1845, L, HU,22.1,-80.7,120,2005
43811,AL042005,             DENNIS,2005-07-10,1930, L, HU,30.4,-87.1,105,2005
43856,AL052005,              EMILY,2005-07-14,700, L, HU,12.0,-61.8,75,2005
43873,AL052005,              EMILY,2005-07-18,630, L, HU,20.3,-87.4,115,2005
43882,AL052005,              EMILY,2005-07-20,1200, L, HU,24.8,-97.6,110,2005
43930,AL072005,               GERT,2005-07-25,0, L, TS,21.8,-97.6,40,2005
44060,AL112005,               JOSE,2005-08-23,330, L, TS,19.7,-96.4,50,2005
44072,AL122005,            KATRINA,2005-08-25,2230, L, HU,26.0,-80.1,70,2005
44087,AL122005,            KATRINA,2005-08-29,1110, L, HU,29.3,-89.6,110,2005
44089,AL122005,            KATRINA,2005-08-29,1445, L, HU,30.2,-89.6,105,2005
44205,AL162005,            OPHELIA,2005-09-06,1600, L, TD,26.6,-78.3,25,2005
44327,AL182005,               RITA,2005-09-24,740, L, HU,29.7,-93.7,100,2005
44349,AL202005,               STAN,2005-10-02,1000, L, TS,19.6,-87.5,35,2005
44358,AL202005,               STAN,2005-10-04,1200, L, HU,18.6,-94.9,70,2005
44372,AL222005,              TAMMY,2005-10-05,2300, L, TS,30.4,-81.4,45,2005
44418,AL242005,              VINCE,2005-10-11,900, L, TD,37.2,-7.1,30,2005
44445,AL252005,              WILMA,2005-10-21,2145, L, HU,20.6,-86.8,130,2005
44447,AL252005,              WILMA,2005-10-22,330, L, HU,20.8,-86.9,115,2005
44457,AL252005,              WILMA,2005-10-24,1030, L, HU,25.9,-81.7,105,2005
44472,AL262005,              ALPHA,2005-10-23,1000, L, TS,18.3,-71.3,45,2005
44494,AL272005,               BETA,2005-10-30,1200, L, HU,12.9,-83.5,90,2005
44637,AL012006,            ALBERTO,2006-06-13,1630, L, TS,29.9,-83.7,40,2006
44686,AL032006,              BERYL,2006-07-21,645, L, TS,41.3,-70.1,45,2006
44756,AL062006,            ERNESTO,2006-08-28,1115, L, TS,19.9,-75.5,35,2006
44764,AL062006,            ERNESTO,2006-08-30,300, L, TS,24.9,-80.6,40,2006
44765,AL062006,            ERNESTO,2006-08-30,500, L, TS,25.2,-80.7,40,2006
44774,AL062006,            ERNESTO,2006-09-01,340, L, TS,33.9,-78.1,60,2006
45063,AL022007,              BARRY,2007-06-02,1400, L, TD,27.5,-82.7,30,2007
45132,AL042007,               DEAN,2007-08-21,830, L, HU,18.7,-87.7,150,2007
45138,AL042007,               DEAN,2007-08-22,1630, L, HU,20.5,-97.0,85,2007
45147,AL052007,               ERIN,2007-08-16,1030, L, TD,28.0,-96.9,30,2007
45166,AL062007,              FELIX,2007-09-01,845, L, TS,12.1,-61.7,45,2007
45180,AL062007,              FELIX,2007-09-04,1200, L, HU,14.3,-83.2,140,2007
45197,AL072007,          GABRIELLE,2007-09-09,1530, L, TS,34.8,-76.4,50,2007
45236,AL092007,           HUMBERTO,2007-09-13,700, L, HU,29.6,-94.3,80,2007
45244,AL102007,                TEN,2007-09-22,0, L, TD,30.4,-86.7,25,2007
45283,AL132007,            LORENZO,2007-09-28,500, L, HU,20.5,-97.0,65,2007
45366,AL162007,               NOEL,2007-10-29,700, L, TS,18.1,-72.5,45,2007
45370,AL162007,               NOEL,2007-10-30,600, L, TS,21.1,-75.8,50,2007
45380,AL162007,               NOEL,2007-11-01,1315, L, TS,24.1,-77.9,50,2007
45381,AL162007,               NOEL,2007-11-01,1745, L, TS,25.0,-77.4,55,2007
45404,AL172007,               OLGA,2007-12-11,700, L, SS,18.4,-66.5,40,2007
45406,AL172007,               OLGA,2007-12-11,1800, L, TS,18.5,-68.4,50,2007
45427,AL012008,             ARTHUR,2008-05-31,900, L, TS,17.9,-88.2,40,2008
45530,AL042008,              DOLLY,2008-07-21,530, L, TS,20.8,-87.0,45,2008
45543,AL042008,              DOLLY,2008-07-23,1820, L, HU,26.4,-97.2,75,2008
45544,AL042008,              DOLLY,2008-07-23,2000, L, HU,26.4,-97.4,70,2008
45566,AL052008,            EDOUARD,2008-08-05,1200, L, TS,29.6,-94.2,55,2008
45573,AL062008,                FAY,2008-08-15,1430, L, TS,18.5,-68.4,35,2008
45577,AL062008,                FAY,2008-08-16,1145, L, TS,18.8,-72.8,40,2008
45582,AL062008,                FAY,2008-08-17,900, L, TS,19.9,-77.4,45,2008
45587,AL062008,                FAY,2008-08-18,700, L, TS,22.1,-80.8,45,2008
45590,AL062008,                FAY,2008-08-18,2030, L, TS,24.5,-81.8,50,2008
45593,AL062008,                FAY,2008-08-19,845, L, TS,25.9,-81.6,55,2008
45604,AL062008,                FAY,2008-08-21,1900, L, TS,29.3,-81.1,55,2008
45611,AL062008,                FAY,2008-08-23,615, L, TS,29.8,-84.7,45,2008
45639,AL072008,             GUSTAV,2008-08-26,1800, L, HU,18.1,-72.8,70,2008
45647,AL072008,             GUSTAV,2008-08-28,1800, L, TS,18.0,-76.2,60,2008
45649,AL072008,             GUSTAV,2008-08-29,200, L, TS,17.9,-77.2,60,2008
45656,AL072008,             GUSTAV,2008-08-30,1800, L, HU,21.6,-82.5,125,2008
45657,AL072008,             GUSTAV,2008-08-30,2200, L, HU,22.4,-83.1,135,2008
45665,AL072008,             GUSTAV,2008-09-01,1500, L, HU,29.2,-90.7,90,2008
45702,AL082008,              HANNA,2008-09-02,0, L, HU,21.8,-72.3,75,2008
45710,AL082008,              HANNA,2008-09-03,1900, L, TS,21.7,-71.8,50,2008
45721,AL082008,              HANNA,2008-09-06,700, L, TS,33.8,-78.7,60,2008
45757,AL092008,                IKE,2008-09-07,1300, L, HU,21.0,-73.2,110,2008
45760,AL092008,                IKE,2008-09-08,200, L, HU,21.1,-75.7,115,2008
45767,AL092008,                IKE,2008-09-09,1400, L, HU,22.6,-82.9,70,2008
45783,AL092008,                IKE,2008-09-13,700, L, HU,29.3,-94.7,95,2008
45842,AL112008,               KYLE,2008-09-29,0, L, HU,43.8,-66.2,65,2008
45889,AL132008,              MARCO,2008-10-07,1200, L, TS,19.9,-96.5,55,2008
45942,AL162008,            SIXTEEN,2008-10-15,1230, L, TD,15.8,-84.5,25,2008
45959,AL172008,             PALOMA,2008-11-09,100, L, HU,20.7,-78.0,85,2008
46059,AL032009,               BILL,2009-08-24,300, L, TS,46.9,-56.0,60,2009
46072,AL042009,          CLAUDETTE,2009-08-17,530, L, TS,30.4,-86.5,40,2009
46093,AL062009,              ERIKA,2009-09-02,1830, L, TS,16.3,-61.3,35,2009
46220,AL112009,                IDA,2009-11-05,1200, L, HU,12.9,-83.6,70,2009
46255,AL012010,               ALEX,2010-06-27,0, L, TS,17.5,-88.2,55,2010
46273,AL012010,               ALEX,2010-07-01,200, L, HU,24.2,-97.7,95,2010
46284,AL022010,                TWO,2010-07-08,1400, L, TD,26.1,-97.1,30,2010
46294,AL032010,             BONNIE,2010-07-22,2315, L, TS,23.0,-75.7,35,2010
46296,AL032010,             BONNIE,2010-07-23,515, L, TS,23.7,-77.5,40,2010
46299,AL032010,             BONNIE,2010-07-23,1430, L, TS,25.4,-80.2,35,2010
46464,AL072010,               EARL,2010-09-04,1500, L, HU,44.3,-64.5,65,2010
46466,AL072010,               EARL,2010-09-04,1900, L, TS,46.0,-62.7,60,2010
46536,AL102010,            HERMINE,2010-09-07,200, L, TS,25.3,-97.4,60,2010
46603,AL112010,               IGOR,2010-09-21,1500, L, HU,46.6,-53.2,75,2010
46669,AL132010,               KARL,2010-09-15,1245, L, TS,18.5,-87.8,55,2010
46679,AL132010,               KARL,2010-09-17,1645, L, HU,19.3,-96.2,100,2010
46727,AL152010,            MATTHEW,2010-09-24,1900, L, TS,14.7,-83.3,50,2010
46731,AL152010,            MATTHEW,2010-09-25,1500, L, TS,16.5,-88.4,35,2010
46798,AL182010,              PAULA,2010-10-11,1200, L, TS,15.0,-83.2,45,2010
46811,AL182010,              PAULA,2010-10-14,1500, L, TS,22.7,-83.9,55,2010
46839,AL192010,            RICHARD,2010-10-25,30, L, HU,17.2,-88.3,85,2010
46860,AL212010,              TOMAS,2010-10-30,900, L, TS,13.0,-59.5,60,2010
46863,AL212010,              TOMAS,2010-10-30,2000, L, HU,13.4,-61.2,85,2010
46890,AL212010,              TOMAS,2010-11-06,730, L, TS,21.7,-71.6,60,2010
46919,AL012011,             ARLENE,2011-06-30,1300, L, TS,21.6,-97.4,55,2011
46976,AL042011,                DON,2011-07-30,230, L, TD,27.3,-97.4,30,2011
47043,AL082011,             HARVEY,2011-08-20,1730, L, TS,17.0,-88.3,55,2011
47050,AL082011,             HARVEY,2011-08-22,200, L, TS,18.7,-95.2,35,2011
47057,AL092011,              IRENE,2011-08-21,2300, L, TS,17.8,-64.6,60,2011
47059,AL092011,              IRENE,2011-08-22,525, L, TS,18.1,-65.8,60,2011
47070,AL092011,              IRENE,2011-08-24,1600, L, HU,22.4,-74.0,100,2011
47072,AL092011,              IRENE,2011-08-25,0, L, HU,23.5,-75.1,95,2011
47074,AL092011,              IRENE,2011-08-25,900, L, HU,24.7,-76.2,90,2011
47076,AL092011,              IRENE,2011-08-25,1800, L, HU,26.5,-77.2,90,2011
47083,AL092011,              IRENE,2011-08-27,1200, L, HU,34.7,-76.6,75,2011
47087,AL092011,              IRENE,2011-08-28,935, L, TS,39.4,-74.4,60,2011
47089,AL092011,              IRENE,2011-08-28,1300, L, TS,40.6,-74.0,55,2011
47193,AL132011,                LEE,2011-09-04,1030, L, SS,29.6,-92.1,40,2011
47245,AL142011,              MARIA,2011-09-16,1830, L, TS,47.0,-53.5,60,2011
47266,AL152011,               NATE,2011-09-11,1600, L, TS,20.5,-97.0,40,2011
47418,AL182011,               RINA,2011-10-28,200, L, TS,20.5,-87.2,50,2011
47498,AL022012,              BERYL,2012-05-28,410, L, TS,30.2,-81.4,55,2012
47564,AL042012,              DEBBY,2012-06-26,2100, L, TS,29.3,-83.2,35,2012
47595,AL052012,            ERNESTO,2012-08-08,100, L, HU,18.7,-87.2,80,2012
47596,AL052012,            ERNESTO,2012-08-08,315, L, HU,18.8,-87.7,85,2012
47603,AL052012,            ERNESTO,2012-08-09,1615, L, TS,18.3,-94.6,55,2012
47663,AL072012,             HELENE,2012-08-18,1200, L, TD,21.9,-97.7,30,2012
47685,AL082012,             GORDON,2012-08-20,530, L, HU,37.0,-25.1,65,2012
47711,AL092012,              ISAAC,2012-08-25,600, L, TS,18.3,-72.7,55,2012
47713,AL092012,              ISAAC,2012-08-25,1500, L, TS,20.1,-74.5,50,2012
47727,AL092012,              ISAAC,2012-08-29,0, L, HU,28.9,-89.4,70,2012
47730,AL092012,              ISAAC,2012-08-29,800, L, HU,29.2,-90.2,70,2012
48068,AL182012,              SANDY,2012-10-24,1900, L, HU,17.9,-76.6,75,2012
48070,AL182012,              SANDY,2012-10-25,525, L, HU,20.0,-76.0,100,2012
48092,AL182012,              SANDY,2012-10-29,2330, L, EX,39.4,-74.4,70,2012
48125,AL012013,             ANDREA,2013-06-06,2200, L, TS,29.5,-83.4,50,2013
48142,AL022013,              BARRY,2013-06-17,2200, L, TD,16.5,-88.4,30,2013
48153,AL022013,              BARRY,2013-06-20,1115, L, TS,19.6,-96.4,40,2013
48244,AL062013,            FERNAND,2013-08-26,445, L, TS,19.5,-96.3,50,2013
48285,AL082013,              EIGHT,2013-09-06,1800, L, TD,22.3,-97.9,30,2013
48351,AL102013,             INGRID,2013-09-16,1115, L, TS,23.7,-97.7,55,2013
48488,AL012014,             ARTHUR,2014-07-04,315, L, HU,34.7,-76.6,85,2014
48490,AL012014,             ARTHUR,2014-07-04,800, L, HU,35.8,-75.5,85,2014
48552,AL032014,             BERTHA,2014-08-03,1400, L, TS,21.8,-71.9,40,2014
48624,AL052014,              DOLLY,2014-09-03,400, L, TS,22.0,-97.7,40,2014
48686,AL072014,                FAY,2014-10-12,810, L, HU,32.3,-64.7,70,2014
48698,AL082014,            GONZALO,2014-10-13,1430, L, HU,17.1,-61.8,65,2014
48700,AL082014,            GONZALO,2014-10-13,2245, L, HU,18.1,-63.0,75,2014
48701,AL082014,            GONZALO,2014-10-13,2315, L, HU,18.2,-63.1,75,2014
48719,AL082014,            GONZALO,2014-10-18,30, L, HU,32.3,-64.8,95,2014
48756,AL092014,              HANNA,2014-10-27,1600, L, TS,14.9,-83.3,35,2014
48783,AL012015,                ANA,2015-05-10,1000, L, TS,33.8,-78.8,40,2015
48797,AL022015,               BILL,2015-06-16,1645, L, TS,28.2,-96.7,50,2015
49028,AL112015,            JOAQUIN,2015-10-01,1200, L, HU,23.1,-73.7,115,2015
49033,AL112015,            JOAQUIN,2015-10-02,1600, L, HU,23.6,-74.8,110,2015
49035,AL112015,            JOAQUIN,2015-10-02,2100, L, HU,24.1,-74.5,110,2015
